model,accuracy,precision,recall,f1
CNN,0.7,0.625,0.625,0.625
RNN,0.65,0.5714285714285714,0.5,0.5333333333333333
SVM,0.75,0.7142857142857143,0.625,0.6666666666666666
Logistic Regression,0.65,0.5555555555555556,0.625,0.5882352941176471
